<?xml version="1.0" encoding="UTF-8"?>
<project-private xmlns="http://www.netbeans.org/ns/project-private/1">
    <editor-bookmarks xmlns="http://www.netbeans.org/ns/editor-bookmarks/2" lastBookmarkId="0"/>
    <open-files xmlns="http://www.netbeans.org/ns/projectui-open-files/2">
        <group>
            <file>file:/C:/Users/eufem/Documents/JOSMAR%206/ADMINISTRACION%20DE%20PROYECTOS%20DE%20SOFTWARE/Punto%20de%20Venta%20(corregido)/Proyecto%20Corregido/src/screensframework/DBConnect/DBConnection.java</file>
            <file>file:/C:/Users/eufem/Documents/JOSMAR%206/ADMINISTRACION%20DE%20PROYECTOS%20DE%20SOFTWARE/Punto%20de%20Venta%20(corregido)/Proyecto%20Corregido/src/screensframework/Contenido.fxml</file>
            <file>file:/C:/Users/eufem/Documents/JOSMAR%206/ADMINISTRACION%20DE%20PROYECTOS%20DE%20SOFTWARE/Punto%20de%20Venta%20(corregido)/Proyecto%20Corregido/src/screensframework/ContenidoController.java</file>
        </group>
    </open-files>
</project-private>
